,City,Lat,Lng,Max Temp,Humidity,Cloudiness,Wind Speed,Country,Date
0,provideniya,64.3833,-173.3,45.09,79,100,6.78,RU,1658936846
1,ushuaia,-54.8,-68.3,38.86,70,20,9.22,AR,1658936709
2,chapais,49.7834,-74.8492,69.58,66,100,3.06,CA,1658936846
3,sitka,57.0531,-135.33,55.29,82,20,4.61,US,1658936847
4,chuy,-33.6971,-53.4616,62.28,86,77,8.14,UY,1658936847
5,elizabeth city,36.2946,-76.2511,91.0,71,0,13.8,US,1658936803
6,khatanga,71.9667,102.5,61.75,70,92,6.49,RU,1658936847
7,georgetown,5.4112,100.3354,82.33,90,40,8.05,MY,1658936776
8,sola,-13.8833,167.55,79.86,79,85,13.69,VU,1658936848
9,hofn,64.2539,-15.2082,53.62,94,100,9.22,IS,1658936848
10,hamilton,39.1834,-84.5333,73.06,100,75,9.22,US,1658936771
11,mahebourg,-20.4081,57.7,70.25,83,40,11.5,MU,1658936849
12,marsh harbour,26.5412,-77.0636,83.25,73,33,13.71,BS,1658936849
13,hithadhoo,-0.6,73.0833,81.09,78,100,8.79,MV,1658936849
14,barrow,71.2906,-156.7887,32.68,100,100,13.11,US,1658936850
15,longyearbyen,78.2186,15.6401,51.64,71,40,17.27,SJ,1658936850
16,mataura,-46.1927,168.8643,47.48,99,100,1.54,NZ,1658936468
17,bengkulu,-3.8004,102.2655,76.82,83,26,3.96,ID,1658936850
18,punta arenas,-53.15,-70.9167,39.31,65,75,17.27,CL,1658936653
19,batticaloa,7.7102,81.6924,81.1,74,100,3.29,LK,1658936646
20,san cristobal,7.7669,-72.225,77.18,63,79,5.23,VE,1658936828
21,vila,42.0304,-8.1588,79.7,33,0,10.11,PT,1658936851
22,tuktoyaktuk,69.4541,-133.0374,55.4,67,75,16.11,CA,1658936851
23,idritsa,56.3316,28.8988,58.08,98,100,2.28,RU,1658936852
24,bethel,41.3712,-73.414,84.2,51,0,4.61,US,1658936852
25,butaritari,3.0707,172.7902,81.45,75,13,16.6,KI,1658936471
26,aklavik,68.2191,-135.0107,56.08,48,78,17.07,CA,1658936853
27,aneho,6.2333,1.6,82.6,78,100,18.75,TG,1658936853
28,qaanaaq,77.484,-69.3632,41.07,79,76,6.69,GL,1658936853
29,lure,47.75,6.5,79.97,34,0,6.91,FR,1658936854
30,hobart,-42.8794,147.3294,49.26,79,40,8.05,AU,1658936854
31,bredasdorp,-34.5322,20.0403,53.28,77,0,7.85,ZA,1658936855
32,bambous virieux,-20.3428,57.7575,70.21,83,40,11.5,MU,1658936855
33,norden,53.6,7.2,67.95,60,9,14.72,DE,1658936855
34,novonikolayevskiy,50.9738,42.3649,79.79,63,99,5.79,RU,1658936564
35,avarua,-21.2078,-159.775,73.45,68,75,9.22,CK,1658936856
36,dikson,73.5069,80.5464,40.75,97,100,14.58,RU,1658936856
37,salalah,17.0151,54.0924,77.09,94,100,8.05,OM,1658936856
38,ilulissat,69.2167,-51.1,42.82,93,100,3.44,GL,1658936857
39,debre tabor,11.85,38.0167,53.04,93,100,2.51,ET,1658936857
40,tiksi,71.6872,128.8694,50.32,92,88,4.41,RU,1658936857
41,bluff,-46.6,168.3333,47.8,89,100,10.22,NZ,1658936830
42,vanimo,-2.6741,141.3028,77.7,90,72,5.75,PG,1658936858
43,chokurdakh,70.6333,147.9167,43.79,65,85,9.75,RU,1658936571
44,rikitea,-23.1203,-134.9692,73.92,72,99,12.77,PF,1658936858
45,jamestown,42.097,-79.2353,77.02,53,75,6.91,US,1658936726
46,albany,42.6001,-73.9662,79.95,50,99,1.23,US,1658936560
47,eureka,40.8021,-124.1637,56.25,88,57,1.01,US,1658936858
48,narsaq,60.9167,-46.05,55.62,75,24,9.42,GL,1658936859
49,yellowknife,62.456,-114.3525,66.72,55,75,12.66,CA,1658936859
50,tasiilaq,65.6145,-37.6368,44.76,94,98,5.17,GL,1658936859
51,lavrentiya,65.5833,-171.0,40.17,81,64,4.52,RU,1658936860
52,hermanus,-34.4187,19.2345,59.81,68,0,12.88,ZA,1658936860
53,bladel,51.3683,5.2208,73.42,46,75,9.22,NL,1658936860
54,ugoofaaru,5.6667,73.0,82.06,77,32,15.05,MV,1658936861
55,nanortalik,60.1432,-45.2371,44.67,84,69,6.46,GL,1658936861
56,port alfred,-33.5906,26.891,61.18,86,100,1.99,ZA,1658936862
57,panzhihua,26.5851,101.7128,71.37,90,96,1.19,CN,1658936862
58,airai,-8.9266,125.4092,52.52,81,60,3.96,TL,1658936862
59,mount gambier,-37.8333,140.7667,44.51,100,40,6.91,AU,1658936862
60,caravelas,-17.7125,-39.2481,76.75,64,40,6.85,BR,1658936850
61,namatanai,-3.6667,152.4333,78.55,79,99,9.86,PG,1658936863
62,lebu,-37.6167,-73.65,54.03,74,78,12.95,CL,1658936863
63,katsuura,35.1333,140.3,79.3,92,92,15.01,JP,1658936863
64,huarmey,-10.0681,-78.1522,68.27,71,10,11.45,PE,1658936864
65,kapaa,22.0752,-159.319,77.32,87,20,13.8,US,1658936864
66,xingyi,24.1877,102.817,63.34,85,55,2.86,CN,1658936865
67,ponta do sol,32.6667,-17.1,83.01,67,2,4.59,PT,1658936865
68,east london,-33.0153,27.9116,63.54,77,40,11.5,ZA,1658936865
69,kawalu,-7.3817,108.2082,72.16,94,97,1.01,ID,1658936866
70,vaini,-21.2,-175.2,71.76,94,40,3.44,TO,1658936866
71,madawaska,47.3561,-68.3288,75.49,56,0,12.66,US,1658936866
72,busselton,-33.65,115.3333,55.65,79,91,9.62,AU,1658936867
73,arraial do cabo,-22.9661,-42.0278,80.56,57,20,13.8,BR,1658936867
74,isiro,2.7739,27.616,72.79,83,99,0.89,CD,1658936867
75,kulhudhuffushi,6.6221,73.07,81.82,78,30,15.19,MV,1658936868
76,bathsheba,13.2167,-59.5167,83.01,97,75,20.71,BB,1658936868
77,mogadishu,2.0371,45.3438,76.23,77,62,19.53,SO,1658936869
78,atuona,-9.8,-139.0333,77.61,67,61,22.15,PF,1658936870
79,trincomalee,8.5711,81.2335,82.18,75,99,3.69,LK,1658936870
80,koster,-25.863,26.8976,56.91,52,37,4.03,ZA,1658936870
81,itoman,26.1247,127.6694,84.22,80,20,9.22,JP,1658936871
82,ivanino,51.6434,35.5769,82.13,61,27,2.73,RU,1658936871
83,ladario,-19.0047,-57.6017,93.49,27,0,8.05,BR,1658936872
84,hualmay,-11.0964,-77.6139,66.38,72,21,11.52,PE,1658936711
85,turki,51.987,43.2731,74.82,65,100,3.0,RU,1658936873
86,kaitangata,-46.2817,169.8464,44.4,96,100,4.63,NZ,1658936873
87,westport,41.1415,-73.3579,85.41,55,0,8.05,US,1658936758
88,esil,51.9556,66.4042,70.93,69,84,15.03,KZ,1658936874
89,eganville,45.5334,-77.0994,73.51,38,55,4.94,CA,1658936874
90,kibala,9.1104,18.3463,78.73,82,100,3.18,TD,1658936874
91,cherskiy,68.75,161.3,38.16,80,8,5.19,RU,1658936875
92,leningradskiy,69.3833,178.4167,35.58,92,100,3.36,RU,1658936875
93,victoria,22.2855,114.1577,87.33,77,34,8.01,HK,1658936707
94,cape town,-33.9258,18.4232,66.61,75,0,11.99,ZA,1658936784
95,bammatyurt,43.3432,46.6085,80.33,53,74,5.32,RU,1658936876
96,luba,3.4568,8.5547,82.29,88,95,11.61,GQ,1658936876
97,saint-augustin,51.226,-58.6502,68.99,58,98,6.02,CA,1658936876
98,broome,42.2506,-75.833,81.54,59,0,6.91,US,1658936877
99,guerrero negro,27.9769,-114.0611,72.81,66,3,8.55,MX,1658936869
100,semnan,35.5729,53.3971,96.78,20,0,11.5,IR,1658936877
101,cockburn town,21.4612,-71.1419,80.76,76,5,17.92,TC,1658936861
102,barcelona,41.3888,2.159,88.02,70,20,12.66,ES,1658936717
103,puerto ayora,-0.7393,-90.3518,75.16,96,94,5.01,EC,1658936878
104,ardahan,41.1087,42.7022,60.06,79,1,6.85,TR,1658936878
105,taltal,-25.4,-70.4833,64.99,67,32,8.52,CL,1658936879
106,sheridan,44.8333,-106.9173,82.31,60,100,3.44,US,1658936879
107,smithers,54.7804,-127.1743,59.32,88,0,3.44,CA,1658936632
108,cayenne,4.9333,-52.3333,86.04,1,75,8.05,GF,1658936775
109,mar del plata,-38.0023,-57.5575,53.62,60,100,8.99,AR,1658936239
110,kaset sombun,16.2805,101.9542,80.35,78,57,3.13,TH,1658936880
111,kahului,20.8947,-156.47,76.84,76,75,17.27,US,1658936881
112,machali,-34.1833,-70.6667,49.28,93,100,3.44,CL,1658936881
113,lasa,46.6166,10.7002,76.69,73,66,2.71,IT,1658936882
114,port elizabeth,-33.918,25.5701,61.09,81,0,11.5,ZA,1658936882
115,nuuk,64.1835,-51.7216,47.01,87,75,9.22,GL,1658936737
116,russellville,35.2784,-93.1338,94.17,59,0,5.75,US,1658936883
117,carnarvon,-24.8667,113.6333,70.03,54,100,3.85,AU,1658936883
118,lukovetskiy,64.2956,41.9211,73.11,60,99,7.76,RU,1658936883
119,jishou,28.3167,109.7167,81.34,79,84,3.18,CN,1658936884
120,severo-kurilsk,50.6789,156.125,50.72,83,24,6.85,RU,1658936884
121,kieta,-6.2167,155.6333,78.01,82,35,7.47,PG,1658936885
122,ancud,-41.8697,-73.8203,53.22,81,54,3.85,CL,1658936885
123,avera,33.194,-82.5271,89.11,44,76,8.32,US,1658936885
124,skelleftea,64.7507,20.9528,62.96,63,100,10.36,SE,1658936886
125,pangnirtung,66.1451,-65.7125,46.4,87,40,13.8,CA,1658936886
126,los llanos de aridane,28.6585,-17.9182,74.95,73,0,16.11,ES,1658936886
127,mitsamiouli,-11.3847,43.2844,79.09,69,75,6.91,KM,1658936887
128,inhambane,-23.865,35.3833,71.58,64,20,6.91,MZ,1658936887
129,rockland,41.1668,-74.0496,86.11,50,94,1.01,US,1658936687
130,alofi,-19.0595,-169.9187,62.49,94,10,1.14,NU,1658936888
131,nikolskoye,59.7035,30.7861,67.89,86,100,4.68,RU,1658936888
132,saskylakh,71.9167,114.0833,73.0,69,61,8.05,RU,1658936888
133,ribeira grande,38.5167,-28.7,79.2,83,75,17.27,PT,1658936889
134,karratha,-20.7377,116.8463,70.02,68,10,6.31,AU,1658936889
135,ahipara,-35.1667,173.1667,58.95,91,98,19.62,NZ,1658936889
136,olafsvik,64.8945,-23.7142,52.21,89,100,13.4,IS,1658936889
137,saint-philippe,-21.3585,55.7679,69.39,82,22,9.53,RE,1658936890
138,guarapari,-20.6667,-40.4975,75.88,57,14,10.51,BR,1658936609
139,nioro,13.35,-15.75,83.79,72,99,8.57,GM,1658936890
140,fort nelson,58.8053,-122.7002,67.59,64,40,9.22,CA,1658936672
141,yatou,37.15,122.3833,76.14,97,59,11.9,CN,1658936891
142,maseru,-29.3167,27.4833,51.98,80,85,4.32,LS,1658936891
143,monte alegre de sergipe,-10.0272,-37.5622,80.37,52,72,11.23,BR,1658936891
144,diamantina,-18.2494,-43.6003,71.4,38,4,8.63,BR,1658936892
145,dunedin,-45.8742,170.5036,45.57,94,100,9.08,NZ,1658936723
146,zalantun,48.0,122.7167,68.83,89,100,4.18,CN,1658936892
147,dondo,-19.6094,34.7431,69.31,71,0,5.97,MZ,1658936893
148,tunkas,20.9,-88.75,84.34,57,17,7.05,MX,1658936893
149,wanlaweyn,2.6185,44.8938,76.57,64,52,21.65,SO,1658936893
150,hovd,48.0056,91.6419,63.14,37,100,3.51,MN,1658936893
151,kovdor,67.5662,30.4758,63.9,72,2,12.68,RU,1658936894
152,new norfolk,-42.7826,147.0587,48.92,78,92,1.01,AU,1658936894
153,natal,-5.795,-35.2094,86.22,58,40,19.57,BR,1658936895
154,constitucion,-35.3333,-72.4167,55.17,71,1,5.06,CL,1658936895
155,marzuq,14.4,46.4667,87.24,41,88,10.96,YE,1658936895
156,namibe,-15.1961,12.1522,68.63,83,100,12.66,AO,1658936463
157,castro,-24.7911,-50.0119,73.04,44,9,4.36,BR,1658936896
158,tshikapa,-6.4167,20.8,90.39,21,100,1.83,CD,1658936896
159,acapulco,16.8634,-99.8901,78.62,78,100,8.05,MX,1658936606
160,ucluelet,48.9329,-125.5528,62.1,93,23,1.01,CA,1658936897
161,cidreira,-30.1811,-50.2056,67.44,73,87,6.26,BR,1658936897
162,svetlogorsk,52.6333,29.7333,64.49,87,100,4.61,BY,1658936897
163,geraldton,-28.7667,114.6,59.41,58,75,12.66,AU,1658936898
164,aqtobe,50.2797,57.2072,77.09,53,20,6.71,KZ,1658936898
165,abu dhabi,24.4667,54.3667,93.31,70,0,11.5,AE,1658936863
166,hilo,19.7297,-155.09,78.28,93,40,4.61,US,1658936899
167,taoudenni,22.6783,-3.9836,114.44,5,0,17.74,ML,1658936899
168,shakhtinsk,49.71,72.5872,73.44,40,39,6.62,KZ,1658936899
169,yulara,-25.2406,130.9889,45.32,31,0,9.86,AU,1658936900
170,majene,-3.5403,118.9707,78.06,87,93,12.71,ID,1658936900
171,requena,39.4883,-1.1004,82.8,41,4,15.23,ES,1658936900
172,sabzevar,36.2126,57.6819,99.68,18,0,24.16,IR,1658936901
173,codajas,-3.8367,-62.0569,90.82,41,78,4.29,BR,1658936901
174,kodiak,57.79,-152.4072,47.71,76,0,9.22,US,1658936901
175,faya,18.3851,42.4509,62.71,67,80,9.06,SA,1658936902
176,alnashi,56.1874,52.4792,67.41,73,26,7.23,RU,1658936902
177,mahdasht,35.7299,50.8111,102.06,22,40,6.91,IR,1658936903
178,vieques,18.425,-65.8329,87.85,70,40,14.97,PR,1658936903
179,kavieng,-2.5744,150.7967,82.13,73,83,16.37,PG,1658936794
180,buraydah,26.326,43.975,109.85,10,35,9.89,SA,1658936903
181,harbour breton,47.4833,-55.7983,63.32,93,92,6.53,CA,1658936904
182,kruisfontein,-34.0033,24.7314,57.88,86,82,3.87,ZA,1658936904
183,tahoua,14.8888,5.2692,94.98,36,0,16.11,NE,1658936905
184,esperance,-33.8667,121.9,57.02,87,95,10.56,AU,1658936905
185,torbay,47.6666,-52.7314,69.28,92,100,9.22,CA,1658936905
186,carambei,-24.9178,-50.0972,70.61,47,9,4.09,BR,1658936906
187,azare,11.6765,10.1948,86.86,54,100,5.91,NG,1658936906
188,zabol,32.25,67.25,85.15,38,32,11.41,AF,1658936906
189,puerto escondido,15.85,-97.0667,83.55,70,96,4.97,MX,1658936907
190,kijang,35.2442,129.2139,80.33,89,98,8.93,KR,1658936907
191,vila velha,-20.3297,-40.2925,78.75,72,20,9.22,BR,1658936639
192,balkhash,46.844,74.9804,77.47,45,8,4.18,KZ,1658936908
193,teya,60.3778,92.6267,59.09,86,97,2.26,RU,1658936908
194,college,64.8569,-147.8028,49.08,84,75,5.75,US,1658936881
195,palaia fokaia,37.72,23.9463,97.84,44,0,17.43,GR,1658936908
196,pochutla,15.7432,-96.4661,82.81,71,100,1.7,MX,1658936909
197,moron,-34.6534,-58.6198,69.94,95,91,2.48,AR,1658936776
198,rapid valley,44.0625,-103.1463,84.04,52,0,5.01,US,1658936769
199,barreirinhas,-2.7469,-42.8264,91.9,44,17,1.36,BR,1658936909
200,taos,36.4072,-105.5731,74.21,72,0,4.61,US,1658936910
201,maues,-3.3836,-57.7186,94.42,39,91,3.27,BR,1658936910
202,pevek,69.7008,170.3133,33.64,91,100,1.81,RU,1658936910
203,padang,-0.9492,100.3543,77.05,84,17,4.16,ID,1658936911
204,shimoda,34.6667,138.95,77.11,93,91,7.2,JP,1658936911
205,bakchar,57.0186,82.0711,63.1,95,64,2.48,RU,1658936912
206,bay roberts,47.5999,-53.2648,70.05,95,100,3.0,CA,1658936824
207,thompson,55.7435,-97.8558,57.36,82,100,10.36,CA,1658936912
208,praia da vitoria,38.7333,-27.0667,80.85,65,20,5.84,PT,1658936912
209,batagay-alyta,67.8006,130.4114,63.75,71,29,2.35,RU,1658936913
210,kankan,10.3854,-9.3057,83.64,62,95,6.2,GN,1658936913
211,lingao,19.9103,109.6859,81.41,82,13,5.66,CN,1658936914
212,dalvik,65.9702,-18.5286,58.93,79,100,9.08,IS,1658936914
213,eyl,7.9803,49.8164,77.95,77,49,25.05,SO,1658936639
214,kloulklubed,7.0419,134.2556,75.7,69,100,6.55,PW,1658936915
215,henties bay,-22.116,14.2845,58.51,69,0,9.46,NA,1658936915
216,pacific grove,36.6177,-121.9166,60.03,95,100,7.0,US,1658936915
217,kovur,14.4833,79.9833,83.17,76,7,6.69,IN,1658936916
218,alakurtti,66.9672,30.3491,68.02,57,6,8.93,RU,1658936916
219,saint george,37.1041,-113.5841,82.63,63,0,0.0,US,1658936629
220,chapleau,47.8405,-83.4034,62.69,94,100,6.91,CA,1658936917
221,council bluffs,41.2619,-95.8608,83.3,65,0,5.75,US,1658936917
222,ottawa,45.4112,-75.6981,79.57,51,40,9.22,CA,1658936917
223,talnakh,69.4865,88.3972,62.24,50,100,3.13,RU,1658936918
224,middelburg,-25.7751,29.4648,64.35,32,10,4.79,ZA,1658936918
225,mehamn,71.0357,27.8492,55.31,100,100,6.91,NO,1658936918
226,nandi,13.3855,77.6984,79.66,71,98,4.12,IN,1658936918
227,kushima,31.4583,131.2333,77.2,95,43,4.29,JP,1658936919
228,salta,-24.7859,-65.4117,79.57,52,83,4.61,AR,1658936743
229,papineauville,45.6168,-75.016,78.22,55,42,7.07,CA,1658936919
230,richards bay,-28.783,32.0377,66.63,61,5,12.44,ZA,1658936900
231,wamba,8.9333,8.6,76.87,87,98,2.42,NG,1658936920
232,panaba,21.2833,-88.2667,92.68,45,1,9.62,MX,1658936920
233,hengyang,26.8881,112.615,85.01,60,44,2.82,CN,1658936921
234,tautira,-17.7333,-149.15,76.23,79,82,21.05,PF,1658936921
235,urengoy,65.9667,78.3667,53.47,74,60,10.29,RU,1658936921
236,kisangani,0.5167,25.2,76.51,85,94,2.24,CD,1658936922
237,isangel,-19.55,169.2667,68.11,100,45,1.14,VU,1658936922
238,portland,45.5234,-122.6762,76.8,69,20,4.61,US,1658936147
239,uusikaupunki,60.8004,21.4084,59.74,70,95,12.68,FI,1658936922
240,freeport,40.6576,-73.5832,85.98,50,0,11.5,US,1658936882
241,manta,-0.95,-80.7333,74.98,83,100,3.44,EC,1658936768
242,bukachacha,52.9833,116.9167,56.41,96,11,0.27,RU,1658936923
243,komsomolskiy,40.4272,71.7189,92.12,22,0,2.3,UZ,1658936923
244,coihaique,-45.5752,-72.0662,40.95,75,20,3.44,CL,1658936708
245,tumbagaan,5.3656,120.3139,80.83,78,96,2.24,PH,1658936923
246,de-kastri,51.4667,140.7833,55.36,95,84,2.17,RU,1658936924
247,fairbanks,64.8378,-147.7164,49.08,84,75,5.75,US,1658936891
248,madinat sittah uktubar,29.8167,31.05,92.8,10,0,5.44,EG,1658936924
249,uruzgan,32.8333,66.0,87.26,36,33,8.77,AF,1658936925
250,ola,59.5833,151.2833,55.15,93,100,1.61,RU,1658936925
251,port-cartier,50.0334,-66.8654,70.02,59,79,7.0,CA,1658936925
252,dingle,10.9995,122.6711,76.84,88,71,2.46,PH,1658936926
253,cap malheureux,-19.9842,57.6142,70.47,75,4,5.01,MU,1658936926
254,sao felix do xingu,-6.6447,-51.995,92.71,25,93,5.08,BR,1658936927
255,abilene,32.4487,-99.7331,93.18,43,0,14.97,US,1658936927
256,gat,31.61,34.7642,90.39,38,0,14.2,IL,1658936927
257,mana,5.6592,-53.7767,82.69,78,84,5.61,GF,1658936928
258,husavik,66.0449,-17.3389,61.16,68,100,19.33,IS,1658936928
259,hasaki,35.7333,140.8333,79.29,91,100,17.52,JP,1658936928
260,sibiti,-3.6819,13.3499,85.3,36,7,4.68,CG,1658936929
261,ilo,-17.6394,-71.3375,61.66,82,100,10.36,PE,1658936929
262,grindavik,63.8424,-22.4338,53.55,100,100,18.41,IS,1658936929
263,susangerd,31.5608,48.1831,106.75,4,22,16.31,IR,1658936930
264,ostrovnoy,68.0531,39.5131,67.33,71,100,19.69,RU,1658936930
265,eslov,55.8393,13.3039,64.08,88,95,14.43,SE,1658936930
266,alice springs,-23.7,133.8833,36.95,56,0,0.0,AU,1658936687
267,tamboril,19.4854,-70.611,83.08,74,40,9.22,DO,1658936931
268,paita,-5.0892,-81.1144,69.39,72,45,10.76,PE,1658936931
269,katav-ivanovsk,54.7531,58.1956,62.1,89,39,4.72,RU,1658936931
270,anahuac,27.2333,-100.15,88.34,51,71,15.23,MX,1658936932
271,kosh-agach,50.0,88.6667,54.39,52,99,5.28,RU,1658936932
272,dicabisagan,17.0818,122.4157,78.66,90,100,4.41,PH,1658936932
273,tigil,57.8,158.6667,52.48,97,100,4.74,RU,1658936933
274,mount isa,-20.7333,139.5,56.97,30,0,8.05,AU,1658936933
275,deputatskiy,69.3,139.9,44.94,64,38,2.71,RU,1658936934
276,carbonia,39.1672,8.5222,94.15,41,0,17.31,IT,1658936934
277,chifeng,42.2683,118.9636,69.84,83,100,3.65,CN,1658936934
278,roald,62.5833,6.1333,57.76,82,75,5.75,NO,1658936935
279,kununurra,-15.7667,128.7333,57.18,72,56,1.14,AU,1658936935
280,vung tau,10.346,107.0843,82.4,77,100,5.84,VN,1658936935
281,governador valadares,-18.8511,-41.9494,80.55,40,73,2.75,BR,1658936935
282,berlevag,70.8578,29.0864,69.6,94,100,5.75,NO,1658936936
283,chinsali,-10.5414,32.0816,67.77,40,63,7.74,ZM,1658936936
284,bonavista,48.6499,-53.1147,62.56,91,100,7.27,CA,1658936937
285,bud,39.447,-86.1758,75.88,93,100,7.25,US,1658936937
286,afzalgarh,29.4,78.6833,87.01,61,99,5.12,IN,1658936937
287,molochnoye,59.2917,39.6787,75.54,76,71,6.96,RU,1658936938
288,lucapa,-8.4192,20.7447,83.75,19,89,2.91,AO,1658936938
289,bac lieu,9.285,105.7244,81.55,81,78,8.01,VN,1658936939
290,tebingtinggi,3.3285,99.1625,75.94,95,100,1.3,ID,1658936939
291,koutiala,12.3917,-5.4642,92.03,45,39,11.56,ML,1658936939
292,quatre cocos,-20.2078,57.7625,70.09,78,23,13.35,MU,1658936940
293,san andres,12.5847,-81.7006,86.02,70,20,13.8,CO,1658936652
294,bilma,18.6853,12.9164,105.85,8,23,11.86,NE,1658936940
295,nishihara,26.1842,127.7558,83.48,81,20,9.22,JP,1658936941
296,buala,-8.145,159.5921,78.42,81,8,4.88,SB,1658936941
297,coquimbo,-29.9533,-71.3436,55.13,82,0,2.3,CL,1658936941
298,okhotsk,59.3833,143.3,55.36,91,68,2.51,RU,1658936942
299,bogorodskoye,56.55,37.8833,77.72,62,41,8.5,RU,1658936942
300,souillac,-20.5167,57.5167,70.18,83,40,11.5,MU,1658936943
301,gravdal,68.1214,13.5031,51.69,87,75,13.8,NO,1658936943
302,ames,42.0347,-93.6199,80.11,67,0,13.8,US,1658936647
303,tete,-16.1564,33.5867,77.09,44,20,10.36,MZ,1658936943
304,monteagudo,-19.8167,-63.9833,85.87,31,25,5.99,BO,1658936944
305,bintulu,3.1667,113.0333,75.61,100,20,3.44,MY,1658936944
306,tolland,41.8501,-72.3495,81.66,53,0,8.05,US,1658936915
307,shieli,44.1667,66.75,85.42,25,0,8.21,KZ,1658936945
308,kampot,10.6167,104.1833,78.85,84,63,3.85,KH,1658936945
309,gurun,5.8172,100.4738,80.73,95,100,4.23,MY,1658936946
310,piacabucu,-10.4056,-36.4344,78.93,61,18,8.16,BR,1658936946
311,altay,47.8667,88.1167,67.8,38,15,6.62,CN,1658936946
312,bamberg,49.8795,10.8863,76.69,50,53,6.31,DE,1658936947
313,cabo san lucas,22.8909,-109.9124,89.62,76,0,3.0,MX,1658936233
314,tupik,54.4253,119.9327,58.41,92,75,1.66,RU,1658936947
315,lichinga,-13.3128,35.2406,66.29,52,40,9.22,MZ,1658936947
316,filadelfia,39.9523,-75.1638,86.32,57,75,5.75,US,1658936876
317,san quintin,30.4833,-115.95,69.49,78,99,7.9,MX,1658936948
318,sao filipe,14.8961,-24.4956,80.02,83,94,1.63,CV,1658936859
319,hun,29.1268,15.9477,97.63,7,0,10.04,LY,1658936948
320,saldanha,-33.0117,17.9442,68.05,78,0,8.86,ZA,1658936949
321,xam nua,20.4197,104.0439,70.05,85,20,2.24,LA,1658936949
322,codrington,-38.2667,141.9667,51.4,76,91,9.04,AU,1658936949
323,weligama,5.9667,80.4167,76.93,90,100,5.3,LK,1658936950
324,sorland,67.667,12.6934,51.66,77,73,17.49,NO,1658936950
325,tuatapere,-46.1333,167.6833,44.6,97,100,2.08,NZ,1658936950
326,bitung,1.4451,125.1824,76.05,85,99,10.78,ID,1658936951
327,boueni,-12.9025,45.0761,75.18,75,40,7.31,YT,1658936951
328,asau,46.4333,26.4,79.72,74,72,2.62,RO,1658936951
329,akonolinga,3.7667,12.25,75.15,88,100,3.51,CM,1658936952
330,fortuna,40.5982,-124.1573,55.98,80,33,3.6,US,1658936952
331,ponta delgada,37.7333,-25.6667,77.72,83,20,16.11,PT,1658936952
332,kaduqli,11.0167,29.7167,75.13,83,100,3.89,SD,1658936953
333,port hedland,-20.3167,118.5667,60.85,67,3,5.75,AU,1658936953
334,long xuyen,10.3833,105.4167,76.95,87,97,5.77,VN,1658936953
335,ketchikan,55.3422,-131.6461,64.87,72,0,8.05,US,1658936954
336,menomonie,44.8755,-91.9193,76.57,64,5,11.01,US,1658936954
337,port hardy,50.6996,-127.4199,62.78,88,0,2.3,CA,1658936954
338,kamenka,51.3223,42.7678,74.64,62,100,5.73,RU,1658936955
339,sur,22.5667,59.5289,83.55,71,14,21.88,OM,1658936955
340,ambunti,-4.2365,142.8448,73.87,98,100,1.14,PG,1658936955
341,road town,18.4167,-64.6167,86.04,66,75,10.36,VG,1658936956
342,cusco,-13.5183,-71.9781,57.43,44,11,2.3,PE,1658936695
343,warrnambool,-38.3833,142.4833,51.75,78,85,8.99,AU,1658936956
344,yerbogachen,61.2767,108.0108,62.24,76,93,6.58,RU,1658936957
345,oksfjord,70.2396,22.3479,57.99,99,100,10.78,NO,1658936957
346,kitimat,54.0524,-128.6534,72.91,41,17,3.58,CA,1658936754
347,sinnamary,5.3833,-52.95,84.11,70,85,5.55,GF,1658936958
348,lardos,36.0942,28.0157,84.02,51,0,10.38,GR,1658936958
349,anloga,5.7947,0.8973,78.15,80,97,18.3,GH,1658936958
350,norman wells,65.282,-126.8329,57.24,77,20,0.0,CA,1658936959
351,calaba,15.2953,120.8701,81.97,91,99,2.42,PH,1658936959
352,yumen,40.2833,97.2,82.15,10,24,7.54,CN,1658936959
353,tura,25.5198,90.2201,74.77,90,73,3.89,IN,1658936960
354,rawson,-43.3002,-65.1023,45.03,85,100,8.84,AR,1658936960
355,port lincoln,-34.7333,135.8667,50.88,86,51,8.25,AU,1658936755
356,qasigiannguit,68.8193,-51.1922,43.05,95,100,2.62,GL,1658936960
357,talara,-4.5772,-81.2719,70.56,68,20,17.27,PE,1658936860
358,bandar-e anzali,37.4727,49.4622,80.71,74,30,4.59,IR,1658936961
359,pavullo nel frignano,44.3315,10.835,88.12,51,68,8.55,IT,1658936961
360,vardo,70.3705,31.1107,60.78,82,0,9.22,NO,1658936961
361,pervomayskoye,43.919,46.7102,79.84,56,99,12.28,RU,1658936962
362,diapaga,12.0708,1.7889,89.92,50,30,9.91,BF,1658936962
363,wick,58.4333,-3.0833,55.45,88,75,4.61,GB,1658936963
364,bongandanga,1.5,21.05,73.53,94,100,2.24,CD,1658936963
365,erenhot,43.6475,111.9767,76.89,24,100,8.32,CN,1658936963
366,mareeba,-17.0,145.4333,63.48,89,17,2.55,AU,1658936963
367,santander,43.4647,-3.8044,71.6,67,75,8.01,ES,1658936792
368,nanakuli,21.3906,-158.1547,76.98,64,0,4.61,US,1658936964
369,rio gallegos,-51.6226,-69.2181,30.25,69,0,8.05,AR,1658936964
370,mariental,-24.6333,17.9667,75.31,13,6,9.48,NA,1658936965
371,san ramon,37.7799,-121.978,65.48,83,100,4.61,US,1658936935
372,belle fourche,44.6714,-103.8522,83.08,39,27,8.1,US,1658936965
373,port-gentil,-0.7193,8.7815,80.56,74,40,13.8,GA,1658936965
374,miraflores,19.2167,-98.8083,66.02,62,25,1.81,MX,1658936966
375,pilar,-9.5972,-35.9567,76.93,66,98,7.76,BR,1658936966
376,sisimiut,66.9395,-53.6735,45.84,81,74,7.87,GL,1658936967
377,lagoa,39.05,-27.9833,73.78,90,75,11.61,PT,1658936967
378,lorengau,-2.0226,147.2712,82.27,77,78,8.48,PG,1658936967
379,beringovskiy,63.05,179.3167,46.42,90,81,4.47,RU,1658936968
380,pervomaysk,48.0443,30.8507,90.14,22,75,7.11,UA,1658936968
381,vao,-22.6667,167.4833,69.55,71,0,7.56,NC,1658936968
382,sines,37.9562,-8.8698,69.3,78,0,13.0,PT,1658936969
383,muros,42.7762,-9.0603,82.69,39,1,17.6,ES,1658936969
384,euclides da cunha,-10.5075,-39.0158,82.58,36,94,9.66,BR,1658936969
385,yenagoa,4.9247,6.2642,76.68,88,100,8.12,NG,1658936970
386,belmonte,-15.8631,-38.8828,77.25,59,0,8.28,BR,1658936970
387,san rafael,-34.6177,-68.3301,45.19,93,100,6.91,AR,1658936971
388,saint-malo,48.5,-1.8333,74.86,50,98,15.55,FR,1658936971
389,nyimba,-14.5566,30.8149,71.82,42,65,6.51,ZM,1658936971
390,rundu,-17.9333,19.7667,76.62,16,3,6.6,NA,1658936972
391,staryy nadym,65.6118,72.6842,55.29,70,19,0.89,RU,1658936972
392,kokopo,-4.352,152.2633,77.41,83,72,7.67,PG,1658936972
393,la reforma,25.0833,-108.05,85.15,69,96,5.75,MX,1658936973
394,khash,28.2211,61.2158,79.95,58,100,9.19,IR,1658936973
395,itarema,-2.9248,-39.9167,86.81,54,23,17.34,BR,1658936974
396,labuhan,-6.8844,112.2051,77.79,84,51,7.83,ID,1658936974
397,ha tinh,18.3333,105.9,79.68,87,14,3.04,VN,1658936697
398,floro,61.5996,5.0328,55.47,67,20,13.8,NO,1658936974
399,kimbe,-5.5502,150.1429,74.35,93,54,4.5,PG,1658936975
400,gornyye klyuchi,45.25,133.5,70.21,95,79,2.51,RU,1658936975
401,clarence town,-32.5833,151.7833,52.86,81,76,4.97,AU,1658936975
402,lunenburg,44.3835,-64.3155,80.49,77,12,4.61,CA,1658936755
403,kudahuvadhoo,2.6708,72.8944,82.56,76,100,14.94,MV,1658936976
404,xining,36.6167,101.7667,55.49,61,21,3.27,CN,1658936976
405,talakan,50.3167,130.3667,67.98,92,99,3.62,RU,1658936977
406,wagar,16.1525,36.2032,91.81,41,85,16.78,SD,1658936977
407,upernavik,72.7868,-56.1549,39.31,81,100,1.77,GL,1658936977
408,kharp,66.8014,65.8081,59.4,70,13,2.17,RU,1658936978
409,mayo,38.8876,-76.5119,86.67,77,40,1.99,US,1658936978
410,maniitsoq,65.4167,-52.9,43.39,87,45,12.37,GL,1658936978
411,rizhao,35.4275,119.4553,76.64,86,6,1.41,CN,1658936979
412,zaozerne,45.1582,33.2787,78.78,54,5,14.14,UA,1658936979
413,poum,-20.2333,164.0167,73.98,69,91,11.92,NC,1658936979
414,takoradi,4.8845,-1.7554,78.58,77,92,14.76,GH,1658936895
415,guapore,-28.8456,-51.8903,68.7,59,100,3.33,BR,1658936980
416,krasnaya gora,52.9995,31.6023,69.28,80,100,8.14,RU,1658936980
417,san juan de arama,3.3464,-73.8894,77.25,86,95,3.6,CO,1658936981
418,byron bay,-28.65,153.6167,50.94,70,3,8.68,AU,1658936756
419,harer,9.3094,42.1258,66.34,54,53,9.13,ET,1658936981
420,nouadhibou,20.931,-17.0347,82.38,69,12,24.16,MR,1658936982
421,abu kamal,34.4506,40.9171,100.9,10,0,9.31,SY,1658936982
422,inuvik,68.3499,-133.7218,54.61,64,75,9.22,CA,1658936982
423,saint-pierre,-21.3393,55.4781,69.91,79,0,1.14,RE,1658936983
424,brae,60.3964,-1.353,56.32,73,86,7.96,GB,1658936983
425,punta cardon,11.6581,-70.215,84.02,66,3,21.27,VE,1658936983
426,bandarbeyla,9.4942,50.8122,77.34,81,94,31.25,SO,1658936984
427,caninde de sao francisco,-9.66,-37.7894,83.89,45,54,9.73,BR,1658936984
428,manado,1.487,124.8455,75.97,100,40,2.3,ID,1658936984
429,balotra,25.8333,72.2333,85.66,71,100,12.5,IN,1658936985
430,tamale,9.4008,-0.8393,83.52,66,96,8.68,GH,1658936985
431,qarqin,37.4185,66.0436,101.5,18,0,21.97,AF,1658936986
432,gijon,43.5357,-5.6615,73.45,70,35,10.0,ES,1658936986
433,necochea,-38.5473,-58.7368,52.63,94,100,3.06,AR,1658936986
434,bambanglipuro,-7.95,110.2833,74.8,90,67,5.1,ID,1658936987
435,maneadero,31.7167,-116.5667,70.11,85,41,1.99,MX,1658936987
436,maamba,-17.3667,27.15,66.76,42,0,4.59,ZM,1658936987
437,tezu,27.9167,96.1667,76.37,98,89,3.49,IN,1658936988
438,subottsi,48.6554,32.5209,82.53,36,100,9.73,UA,1658936988
439,nemuro,43.3236,145.575,63.27,100,100,8.25,JP,1658936989
440,hakkari,37.5833,44.1667,82.18,14,20,10.36,TR,1658936989
441,maragogi,-9.0122,-35.2225,78.84,69,92,11.18,BR,1658936989
442,millerovo,48.9226,40.3967,80.35,43,97,3.58,RU,1658936990
443,soderhamn,61.3037,17.0592,62.96,42,100,12.28,SE,1658936990
444,klaksvik,62.2266,-6.589,52.72,91,100,9.17,FO,1658936782
445,kutahya,39.4242,29.9833,84.33,25,0,12.73,TR,1658936990
446,deori,21.45,82.6167,81.28,79,96,3.18,IN,1658936991
447,poco das trincheiras,-9.3125,-37.2856,77.23,61,73,10.92,BR,1658936991
448,kumluca,36.3703,30.2869,90.41,40,0,7.47,TR,1658936991
449,tessalit,20.1986,1.0114,109.35,9,5,7.65,ML,1658936992
450,hibbing,47.4272,-92.9377,69.22,88,100,0.0,US,1658936992
451,khilok,51.3674,110.4676,52.52,88,100,9.91,RU,1658936993
452,yangshe,31.8899,120.6052,79.92,94,12,6.04,CN,1658936993
453,leshukonskoye,64.8989,45.7622,73.69,51,65,7.09,RU,1658936993
454,khorixas,-20.3667,14.9667,81.72,15,48,8.97,NA,1658936993
455,jasper,37.2001,-94.3502,89.24,54,75,11.5,US,1658936994
456,san joaquin,37.9333,-121.3011,74.32,71,0,4.61,US,1658936994
457,falam,22.9167,93.6833,63.32,97,100,3.27,MM,1658936994
458,utiel,39.5667,-1.2,89.56,36,8,15.55,ES,1658936995
459,bedele,8.456,36.353,58.08,96,100,1.88,ET,1658936995
460,belyy yar,53.6039,91.3903,64.29,74,0,4.47,RU,1658936995
461,kiyevskoye,45.0383,37.8883,77.32,44,69,7.36,RU,1658936996
462,kaeo,-35.1,173.7833,59.32,94,86,20.4,NZ,1658936996
463,quelimane,-17.8786,36.8883,73.35,53,20,6.91,MZ,1658936996
464,kainantu,-6.2887,145.8655,57.31,97,59,2.17,PG,1658936997
465,araouane,18.9048,-3.5265,108.23,5,1,4.47,ML,1658936997
466,drumnadrochit,57.3344,-4.4799,63.57,52,97,0.87,GB,1658936997
467,sistranda,63.7256,8.834,53.56,74,100,15.64,NO,1658936990
468,mahbubnagar,16.7333,77.9833,79.72,74,100,1.97,IN,1658936998
469,preili,56.2944,26.7246,66.85,58,16,12.33,LV,1658936998
470,hami,42.8,93.45,90.34,12,100,14.99,CN,1658936998
471,aguimes,27.9054,-15.4461,85.66,54,20,31.07,ES,1658936999
472,jinka,5.65,36.65,67.3,55,100,2.33,ET,1658936999
473,mopipi,-21.1833,24.8833,70.32,23,0,7.07,BW,1658936999
474,lata,40.1629,-8.3327,83.48,44,0,13.15,PT,1658937000
475,boralday,43.3578,76.8594,87.66,30,75,6.71,KZ,1658937000
476,haftoni,38.7632,48.7622,82.11,69,23,9.22,AZ,1658937001
477,jaguariaiva,-24.2511,-49.7058,74.19,45,6,6.33,BR,1658937001
478,preobrazheniye,42.9019,133.9064,69.6,94,10,5.32,RU,1658937001
479,pisco,-13.7,-76.2167,64.45,77,20,6.91,PE,1658937002
480,alirajpur,22.3031,74.3546,78.37,85,100,7.65,IN,1658937002
481,beloomut,54.9448,39.3394,80.49,68,70,3.47,RU,1658937002
482,sao joao da barra,-21.6403,-41.0511,78.89,68,8,11.65,BR,1658936847
483,sibolga,1.7427,98.7792,77.94,78,99,2.62,ID,1658937003
484,mackenzie,55.2999,-123.1698,66.42,77,0,0.0,CA,1658937003
485,vila franca do campo,37.7167,-25.4333,77.41,65,86,7.34,PT,1658937004
486,coria,39.9879,-6.5377,97.45,13,0,8.59,ES,1658937004
487,ternate,0.8,127.4,79.36,83,50,4.52,ID,1658937004
488,broken hill,-31.95,141.4333,45.21,63,1,4.52,AU,1658937005
489,discovery bay,37.9085,-121.6002,71.56,59,0,11.5,US,1658937005
490,alta floresta,-9.8756,-56.0861,94.82,29,0,12.66,BR,1658937006
491,faanui,-16.4833,-151.75,77.49,76,12,16.84,PF,1658937006
492,sao raimundo nonato,-9.0153,-42.6994,89.28,29,18,9.35,BR,1658937007
493,harenkarspel,52.7342,4.7768,70.0,58,31,10.0,NL,1658937007
494,prince rupert,54.3161,-130.3201,60.89,94,40,8.05,CA,1658937007
495,dudinka,69.4058,86.1778,58.64,69,100,7.61,RU,1658937007
496,akodia,23.3833,76.6,77.61,88,100,7.61,IN,1658937008
497,la peca,-5.6111,-78.435,74.64,68,43,3.49,PE,1658937008
498,botou,38.0667,116.5667,77.58,76,100,6.87,CN,1658937009
499,iqaluit,63.7506,-68.5145,55.13,58,20,5.75,CA,1658936989
500,troitskoye,52.9821,84.6757,64.62,76,100,6.46,RU,1658937009
501,kidal,18.4411,1.4078,105.82,11,0,10.69,ML,1658937010
502,tiszacsege,47.7,21.0,87.78,21,79,12.5,HU,1658937010
503,krasnoye,49.9145,24.6134,68.34,69,95,6.13,UA,1658937010
504,shubarshi,48.5872,57.1869,78.57,45,42,11.59,KZ,1658937011
505,cabedelo,-6.9811,-34.8339,83.07,72,34,17.27,BR,1658936712
506,gizo,-8.103,156.8419,80.91,74,85,5.03,SB,1658936789
507,meadow lake,34.8014,-106.5436,81.48,51,31,3.36,US,1658937011
508,general pico,-35.6566,-63.7568,52.32,89,100,15.79,AR,1658937011
509,goderich,43.7501,-81.7165,74.91,73,78,10.36,CA,1658937012
510,letlhakane,-21.4167,25.5833,69.44,21,0,9.35,BW,1658937012
511,san carlos del zulia,9.0,-71.9135,88.77,55,76,5.12,VE,1658937012
512,oussouye,12.485,-16.5469,86.18,68,96,9.71,SN,1658937013
513,cortes,41.9395,-1.4396,89.65,21,0,11.54,ES,1658937014
514,caramoran,13.9849,124.1347,80.78,86,100,6.24,PH,1658937014
515,wanxian,30.8039,108.3897,78.51,90,100,4.03,CN,1658937014
516,pitimbu,-7.4706,-34.8086,82.99,67,16,15.28,BR,1658937015
517,owerri,5.4833,7.0304,76.82,89,100,6.87,NG,1658936752
518,gorom-gorom,14.4439,-0.2361,97.63,33,8,16.96,BF,1658937015
519,mackay,-21.15,149.2,47.68,56,0,15.66,AU,1658936758
520,lagoa vermelha,-28.2086,-51.5258,68.99,65,100,5.66,BR,1658936861
521,iquitos,-3.7481,-73.2472,71.64,100,100,1.14,PE,1658936983
522,chumikan,54.7183,135.315,53.31,92,2,1.72,RU,1658937016
523,nizhniy kuranakh,58.8353,125.4869,63.88,78,0,3.09,RU,1658937017
524,wanning,18.8003,110.3967,81.09,85,56,5.21,CN,1658937017
525,rimini,44.0241,12.5186,86.67,65,0,8.99,IT,1658937017
526,tynda,55.1667,124.7167,64.65,93,100,1.57,RU,1658937018
527,chesley,44.2966,-81.0952,79.23,48,96,9.82,CA,1658937018
528,yar-sale,66.8333,70.8333,57.18,65,54,4.14,RU,1658937018
529,denpasar,-8.65,115.2167,78.46,83,20,10.36,ID,1658937019
530,tarko-sale,64.9225,77.785,59.61,64,87,14.27,RU,1658937019
531,bumbuna,9.05,-11.7333,78.12,82,99,3.91,SL,1658937019
532,corovode,40.5042,20.2272,93.7,24,22,9.37,AL,1658937020
533,tromso,69.6496,18.957,51.82,87,75,12.66,NO,1658937020
534,seravezza,43.995,10.2287,92.84,44,2,6.58,IT,1658937020
535,aksu,41.1231,80.2644,93.16,16,24,24.43,CN,1658937021
536,baruun-urt,46.6806,113.2792,54.86,75,45,5.53,MN,1658937021
537,victor harbor,-35.5667,138.6167,54.0,87,68,9.69,AU,1658937021
538,camacha,33.0833,-16.3333,72.82,64,20,13.8,PT,1658937022
539,san francisco,37.7749,-122.4194,65.1,91,75,9.22,US,1658936217
540,tokur,53.1333,132.9,59.83,93,35,2.59,RU,1658937022
541,nabinagar,23.8917,90.9733,84.49,69,98,4.23,BD,1658937023
542,asyut,27.181,31.1837,100.58,11,0,11.5,EG,1658937023
543,slavyanka,42.8633,131.3847,68.5,94,76,4.59,RU,1658937024
544,kangaatsiaq,68.3065,-53.4641,39.74,89,100,7.52,GL,1658937024
545,carballo,43.213,-8.691,79.75,53,1,7.07,ES,1658937024
546,niono,14.2526,-5.993,103.87,23,22,13.24,ML,1658937025
547,celestun,20.8667,-90.4,86.22,62,4,3.18,MX,1658937025
548,booue,-0.0921,11.9385,92.12,35,100,4.43,GA,1658937025
549,oranjemund,-28.55,16.4333,56.19,80,0,14.61,NA,1658937026
550,bijar,35.8668,47.6051,84.24,8,0,9.98,IR,1658937026
551,mlowo,-9.0,32.9833,63.66,54,74,7.47,TZ,1658937027
552,northam,51.0333,-4.2167,64.62,76,99,2.64,GB,1658937027
553,buseresere,-3.0236,31.8747,78.24,34,41,4.34,TZ,1658937027
554,kemijarvi,66.7131,27.4306,62.91,82,5,11.39,FI,1658937028
